"","CohortYearTTL","DemographicGroup","DemographicValue","JJOffenderType","HSOutcome","Pct","RedactedPct"
"1",2013,"All Students","All Students","Justice Involved","Dropout",0.41,"41"
"2",2013,"All Students","All Students","Justice Involved","GED",0.17,"17"
"3",2013,"All Students","All Students","Justice Involved","HS Diploma",0.42,"42"
"4",2013,"All Students","All Students","Juvenile Offender","Dropout",0.4,"40"
"5",2013,"All Students","All Students","Juvenile Offender","GED",0.17,"17"
"6",2013,"All Students","All Students","Juvenile Offender","HS Diploma",0.43,"43"
"7",2013,"All Students","All Students","Not Justice Involved","Dropout",0.13,"13"
"8",2013,"All Students","All Students","Not Justice Involved","GED",0.04,"4"
"9",2013,"All Students","All Students","Not Justice Involved","HS Diploma",0.83,"83"
"10",2013,"All Students","All Students","Status Offender","Dropout",0.55,"55"
"11",2013,"All Students","All Students","Status Offender","GED",0.19,"19"
"12",2013,"All Students","All Students","Status Offender","HS Diploma",0.26,"26"
"13",2013,"Gender","F","Justice Involved","Dropout",0.41,"41"
"14",2013,"Gender","F","Justice Involved","GED",0.16,"16"
"15",2013,"Gender","F","Justice Involved","HS Diploma",0.44,"44"
"16",2013,"Gender","F","Juvenile Offender","Dropout",0.4,"40"
"17",2013,"Gender","F","Juvenile Offender","GED",0.15,"15"
"18",2013,"Gender","F","Juvenile Offender","HS Diploma",0.45,"45"
"19",2013,"Gender","F","Not Justice Involved","Dropout",0.12,"12"
"20",2013,"Gender","F","Not Justice Involved","GED",0.04,"4"
"21",2013,"Gender","F","Not Justice Involved","HS Diploma",0.85,"85"
"22",2013,"Gender","F","Status Offender","Dropout",0.52,"52"
"23",2013,"Gender","F","Status Offender","GED",0.18,"18"
"24",2013,"Gender","F","Status Offender","HS Diploma",0.3,"30"
"25",2013,"Gender","M","Justice Involved","Dropout",0.41,"41"
"26",2013,"Gender","M","Justice Involved","GED",0.18,"18"
"27",2013,"Gender","M","Justice Involved","HS Diploma",0.41,"41"
"28",2013,"Gender","M","Juvenile Offender","Dropout",0.4,"40"
"29",2013,"Gender","M","Juvenile Offender","GED",0.18,"18"
"30",2013,"Gender","M","Juvenile Offender","HS Diploma",0.42,"42"
"31",2013,"Gender","M","Not Justice Involved","Dropout",0.15,"15"
"32",2013,"Gender","M","Not Justice Involved","GED",0.04,"4"
"33",2013,"Gender","M","Not Justice Involved","HS Diploma",0.81,"81"
"34",2013,"Gender","M","Status Offender","Dropout",0.58,"58"
"35",2013,"Gender","M","Status Offender","GED",0.19,"19"
"36",2013,"Gender","M","Status Offender","HS Diploma",0.23,"23"
"37",2013,"Race/Ethnicity","American Indian or Alaska Native","Justice Involved","Dropout",0.53,"53"
"38",2013,"Race/Ethnicity","American Indian or Alaska Native","Justice Involved","GED",0.17,"17"
"39",2013,"Race/Ethnicity","American Indian or Alaska Native","Justice Involved","HS Diploma",0.3,"30"
"40",2013,"Race/Ethnicity","American Indian or Alaska Native","Juvenile Offender","Dropout",0.53,"53"
"41",2013,"Race/Ethnicity","American Indian or Alaska Native","Juvenile Offender","GED",0.17,"17"
"42",2013,"Race/Ethnicity","American Indian or Alaska Native","Juvenile Offender","HS Diploma",0.31,"31"
"43",2013,"Race/Ethnicity","American Indian or Alaska Native","Not Justice Involved","Dropout",0.25,"25"
"44",2013,"Race/Ethnicity","American Indian or Alaska Native","Not Justice Involved","GED",0.08,"8"
"45",2013,"Race/Ethnicity","American Indian or Alaska Native","Not Justice Involved","HS Diploma",0.67,"67"
"46",2013,"Race/Ethnicity","American Indian or Alaska Native","Status Offender","Dropout",NA,"60-69"
"47",2013,"Race/Ethnicity","American Indian or Alaska Native","Status Offender","GED",NA,"20-29"
"48",2013,"Race/Ethnicity","American Indian or Alaska Native","Status Offender","HS Diploma",NA,"11-19"
"49",2013,"Race/Ethnicity","Asian","Justice Involved","Dropout",0.34,"34"
"50",2013,"Race/Ethnicity","Asian","Justice Involved","GED",0.14,"14"
"51",2013,"Race/Ethnicity","Asian","Justice Involved","HS Diploma",0.52,"52"
"52",2013,"Race/Ethnicity","Asian","Juvenile Offender","Dropout",0.33,"33"
"53",2013,"Race/Ethnicity","Asian","Juvenile Offender","GED",0.13,"13"
"54",2013,"Race/Ethnicity","Asian","Juvenile Offender","HS Diploma",0.54,"54"
"55",2013,"Race/Ethnicity","Asian","Not Justice Involved","Dropout",0.11,"11"
"56",2013,"Race/Ethnicity","Asian","Not Justice Involved","GED",0.02,"2"
"57",2013,"Race/Ethnicity","Asian","Not Justice Involved","HS Diploma",0.88,"88"
"58",2013,"Race/Ethnicity","Asian","Status Offender","Dropout",NA,"40-49"
"59",2013,"Race/Ethnicity","Asian","Status Offender","GED",NA,"20-29"
"60",2013,"Race/Ethnicity","Asian","Status Offender","HS Diploma",NA,"20-29"
"61",2013,"Race/Ethnicity","Black or African American","Justice Involved","Dropout",0.5,"50"
"62",2013,"Race/Ethnicity","Black or African American","Justice Involved","GED",0.18,"18"
"63",2013,"Race/Ethnicity","Black or African American","Justice Involved","HS Diploma",0.32,"32"
"64",2013,"Race/Ethnicity","Black or African American","Juvenile Offender","Dropout",0.49,"49"
"65",2013,"Race/Ethnicity","Black or African American","Juvenile Offender","GED",0.18,"18"
"66",2013,"Race/Ethnicity","Black or African American","Juvenile Offender","HS Diploma",0.32,"32"
"67",2013,"Race/Ethnicity","Black or African American","Not Justice Involved","Dropout",0.2,"20"
"68",2013,"Race/Ethnicity","Black or African American","Not Justice Involved","GED",0.05,"5"
"69",2013,"Race/Ethnicity","Black or African American","Not Justice Involved","HS Diploma",0.75,"75"
"70",2013,"Race/Ethnicity","Black or African American","Status Offender","Dropout",NA,"55-59"
"71",2013,"Race/Ethnicity","Black or African American","Status Offender","GED",NA,"15-19"
"72",2013,"Race/Ethnicity","Black or African American","Status Offender","HS Diploma",NA,"25-29"
"73",2013,"Race/Ethnicity","Multiple Races (Details Unknown)","Justice Involved","Dropout",0.36,"36"
"74",2013,"Race/Ethnicity","Multiple Races (Details Unknown)","Justice Involved","GED",0.23,"23"
"75",2013,"Race/Ethnicity","Multiple Races (Details Unknown)","Justice Involved","HS Diploma",0.4,"40"
"76",2013,"Race/Ethnicity","Multiple Races (Details Unknown)","Juvenile Offender","Dropout",0.34,"34"
"77",2013,"Race/Ethnicity","Multiple Races (Details Unknown)","Juvenile Offender","GED",0.24,"24"
"78",2013,"Race/Ethnicity","Multiple Races (Details Unknown)","Juvenile Offender","HS Diploma",0.42,"42"
"79",2013,"Race/Ethnicity","Multiple Races (Details Unknown)","Not Justice Involved","Dropout",0.15,"15"
"80",2013,"Race/Ethnicity","Multiple Races (Details Unknown)","Not Justice Involved","GED",0.06,"6"
"81",2013,"Race/Ethnicity","Multiple Races (Details Unknown)","Not Justice Involved","HS Diploma",0.79,"79"
"82",2013,"Race/Ethnicity","Multiple Races (Details Unknown)","Status Offender","Dropout",NA,"50-59"
"83",2013,"Race/Ethnicity","Multiple Races (Details Unknown)","Status Offender","GED",NA,"11-19"
"84",2013,"Race/Ethnicity","Multiple Races (Details Unknown)","Status Offender","HS Diploma",NA,"20-29"
"85",2013,"Race/Ethnicity","Native Hawaiian and Other Pacific Islander","Justice Involved","Dropout",0.52,"52"
"86",2013,"Race/Ethnicity","Native Hawaiian and Other Pacific Islander","Justice Involved","GED",0.14,"14"
"87",2013,"Race/Ethnicity","Native Hawaiian and Other Pacific Islander","Justice Involved","HS Diploma",0.34,"34"
"88",2013,"Race/Ethnicity","Native Hawaiian and Other Pacific Islander","Juvenile Offender","Dropout",0.51,"51"
"89",2013,"Race/Ethnicity","Native Hawaiian and Other Pacific Islander","Juvenile Offender","GED",0.15,"15"
"90",2013,"Race/Ethnicity","Native Hawaiian and Other Pacific Islander","Juvenile Offender","HS Diploma",0.34,"34"
"91",2013,"Race/Ethnicity","Native Hawaiian and Other Pacific Islander","Not Justice Involved","Dropout",0.27,"27"
"92",2013,"Race/Ethnicity","Native Hawaiian and Other Pacific Islander","Not Justice Involved","GED",0.03,"3"
"93",2013,"Race/Ethnicity","Native Hawaiian and Other Pacific Islander","Not Justice Involved","HS Diploma",0.7,"70"
"94",2013,"Race/Ethnicity","Native Hawaiian and Other Pacific Islander","Status Offender","Dropout",NA,"Redacted"
"95",2013,"Race/Ethnicity","Native Hawaiian and Other Pacific Islander","Status Offender","GED",NA,"Redacted"
"96",2013,"Race/Ethnicity","Native Hawaiian and Other Pacific Islander","Status Offender","HS Diploma",NA,"Redacted"
"97",2013,"Race/Ethnicity","Not Provided - Race","Justice Involved","Dropout",0.36,"36"
"98",2013,"Race/Ethnicity","Not Provided - Race","Justice Involved","GED",0.2,"20"
"99",2013,"Race/Ethnicity","Not Provided - Race","Justice Involved","HS Diploma",0.44,"44"
"100",2013,"Race/Ethnicity","Not Provided - Race","Juvenile Offender","Dropout",0.37,"37"
"101",2013,"Race/Ethnicity","Not Provided - Race","Juvenile Offender","GED",0.19,"19"
"102",2013,"Race/Ethnicity","Not Provided - Race","Juvenile Offender","HS Diploma",0.44,"44"
"103",2013,"Race/Ethnicity","Not Provided - Race","Not Justice Involved","Dropout",0.1,"10"
"104",2013,"Race/Ethnicity","Not Provided - Race","Not Justice Involved","GED",0.03,"3"
"105",2013,"Race/Ethnicity","Not Provided - Race","Not Justice Involved","HS Diploma",0.87,"87"
"106",2013,"Race/Ethnicity","Not Provided - Race","Status Offender","Dropout",NA,"Redacted"
"107",2013,"Race/Ethnicity","Not Provided - Race","Status Offender","GED",NA,"Redacted"
"108",2013,"Race/Ethnicity","Not Provided - Race","Status Offender","HS Diploma",NA,"Redacted"
"109",2013,"Race/Ethnicity","Spanish/Hispanic/Latino","Justice Involved","Dropout",0.51,"51"
"110",2013,"Race/Ethnicity","Spanish/Hispanic/Latino","Justice Involved","GED",0.14,"14"
"111",2013,"Race/Ethnicity","Spanish/Hispanic/Latino","Justice Involved","HS Diploma",0.35,"35"
"112",2013,"Race/Ethnicity","Spanish/Hispanic/Latino","Juvenile Offender","Dropout",0.5,"50"
"113",2013,"Race/Ethnicity","Spanish/Hispanic/Latino","Juvenile Offender","GED",0.14,"14"
"114",2013,"Race/Ethnicity","Spanish/Hispanic/Latino","Juvenile Offender","HS Diploma",0.36,"36"
"115",2013,"Race/Ethnicity","Spanish/Hispanic/Latino","Not Justice Involved","Dropout",0.23,"23"
"116",2013,"Race/Ethnicity","Spanish/Hispanic/Latino","Not Justice Involved","GED",0.04,"4"
"117",2013,"Race/Ethnicity","Spanish/Hispanic/Latino","Not Justice Involved","HS Diploma",0.73,"73"
"118",2013,"Race/Ethnicity","Spanish/Hispanic/Latino","Status Offender","Dropout",0.59,"59"
"119",2013,"Race/Ethnicity","Spanish/Hispanic/Latino","Status Offender","GED",0.13,"13"
"120",2013,"Race/Ethnicity","Spanish/Hispanic/Latino","Status Offender","HS Diploma",0.28,"28"
"121",2013,"Race/Ethnicity","White","Justice Involved","Dropout",0.35,"35"
"122",2013,"Race/Ethnicity","White","Justice Involved","GED",0.18,"18"
"123",2013,"Race/Ethnicity","White","Justice Involved","HS Diploma",0.47,"47"
"124",2013,"Race/Ethnicity","White","Juvenile Offender","Dropout",0.34,"34"
"125",2013,"Race/Ethnicity","White","Juvenile Offender","GED",0.18,"18"
"126",2013,"Race/Ethnicity","White","Juvenile Offender","HS Diploma",0.48,"48"
"127",2013,"Race/Ethnicity","White","Not Justice Involved","Dropout",0.1,"10"
"128",2013,"Race/Ethnicity","White","Not Justice Involved","GED",0.04,"4"
"129",2013,"Race/Ethnicity","White","Not Justice Involved","HS Diploma",0.86,"86"
"130",2013,"Race/Ethnicity","White","Status Offender","Dropout",0.52,"52"
"131",2013,"Race/Ethnicity","White","Status Offender","GED",0.22,"22"
"132",2013,"Race/Ethnicity","White","Status Offender","HS Diploma",0.26,"26"
"133",2014,"All Students","All Students","Justice Involved","Dropout",0.37,"37"
"134",2014,"All Students","All Students","Justice Involved","GED",0.11,"11"
"135",2014,"All Students","All Students","Justice Involved","HS Diploma",0.51,"51"
"136",2014,"All Students","All Students","Juvenile Offender","Dropout",0.37,"37"
"137",2014,"All Students","All Students","Juvenile Offender","GED",0.11,"11"
"138",2014,"All Students","All Students","Juvenile Offender","HS Diploma",0.52,"52"
"139",2014,"All Students","All Students","Not Justice Involved","Dropout",0.11,"11"
"140",2014,"All Students","All Students","Not Justice Involved","GED",0.02,"2"
"141",2014,"All Students","All Students","Not Justice Involved","HS Diploma",0.86,"86"
"142",2014,"All Students","All Students","Status Offender","Dropout",0.53,"53"
"143",2014,"All Students","All Students","Status Offender","GED",0.15,"15"
"144",2014,"All Students","All Students","Status Offender","HS Diploma",0.33,"33"
"145",2014,"Gender","F","Justice Involved","Dropout",0.35,"35"
"146",2014,"Gender","F","Justice Involved","GED",0.1,"10"
"147",2014,"Gender","F","Justice Involved","HS Diploma",0.56,"56"
"148",2014,"Gender","F","Juvenile Offender","Dropout",0.34,"34"
"149",2014,"Gender","F","Juvenile Offender","GED",0.1,"10"
"150",2014,"Gender","F","Juvenile Offender","HS Diploma",0.56,"56"
"151",2014,"Gender","F","Not Justice Involved","Dropout",0.1,"10"
"152",2014,"Gender","F","Not Justice Involved","GED",0.02,"2"
"153",2014,"Gender","F","Not Justice Involved","HS Diploma",0.88,"88"
"154",2014,"Gender","F","Status Offender","Dropout",0.49,"49"
"155",2014,"Gender","F","Status Offender","GED",0.14,"14"
"156",2014,"Gender","F","Status Offender","HS Diploma",0.37,"37"
"157",2014,"Gender","M","Justice Involved","Dropout",0.39,"39"
"158",2014,"Gender","M","Justice Involved","GED",0.12,"12"
"159",2014,"Gender","M","Justice Involved","HS Diploma",0.49,"49"
"160",2014,"Gender","M","Juvenile Offender","Dropout",0.38,"38"
"161",2014,"Gender","M","Juvenile Offender","GED",0.12,"12"
"162",2014,"Gender","M","Juvenile Offender","HS Diploma",0.49,"49"
"163",2014,"Gender","M","Not Justice Involved","Dropout",0.12,"12"
"164",2014,"Gender","M","Not Justice Involved","GED",0.03,"3"
"165",2014,"Gender","M","Not Justice Involved","HS Diploma",0.85,"85"
"166",2014,"Gender","M","Status Offender","Dropout",0.56,"56"
"167",2014,"Gender","M","Status Offender","GED",0.15,"15"
"168",2014,"Gender","M","Status Offender","HS Diploma",0.3,"30"
"169",2014,"Race/Ethnicity","American Indian or Alaska Native","Justice Involved","Dropout",0.52,"52"
"170",2014,"Race/Ethnicity","American Indian or Alaska Native","Justice Involved","GED",0.15,"15"
"171",2014,"Race/Ethnicity","American Indian or Alaska Native","Justice Involved","HS Diploma",0.33,"33"
"172",2014,"Race/Ethnicity","American Indian or Alaska Native","Juvenile Offender","Dropout",0.53,"53"
"173",2014,"Race/Ethnicity","American Indian or Alaska Native","Juvenile Offender","GED",0.15,"15"
"174",2014,"Race/Ethnicity","American Indian or Alaska Native","Juvenile Offender","HS Diploma",0.33,"33"
"175",2014,"Race/Ethnicity","American Indian or Alaska Native","Not Justice Involved","Dropout",0.25,"25"
"176",2014,"Race/Ethnicity","American Indian or Alaska Native","Not Justice Involved","GED",0.05,"5"
"177",2014,"Race/Ethnicity","American Indian or Alaska Native","Not Justice Involved","HS Diploma",0.69,"69"
"178",2014,"Race/Ethnicity","American Indian or Alaska Native","Status Offender","Dropout",NA,"40-49"
"179",2014,"Race/Ethnicity","American Indian or Alaska Native","Status Offender","GED",NA,"11-19"
"180",2014,"Race/Ethnicity","American Indian or Alaska Native","Status Offender","HS Diploma",NA,"40-49"
"181",2014,"Race/Ethnicity","Asian","Justice Involved","Dropout",0.26,"26"
"182",2014,"Race/Ethnicity","Asian","Justice Involved","GED",0.06,"6"
"183",2014,"Race/Ethnicity","Asian","Justice Involved","HS Diploma",0.68,"68"
"184",2014,"Race/Ethnicity","Asian","Juvenile Offender","Dropout",0.26,"26"
"185",2014,"Race/Ethnicity","Asian","Juvenile Offender","GED",0.06,"6"
"186",2014,"Race/Ethnicity","Asian","Juvenile Offender","HS Diploma",0.68,"68"
"187",2014,"Race/Ethnicity","Asian","Not Justice Involved","Dropout",0.07,"7"
"188",2014,"Race/Ethnicity","Asian","Not Justice Involved","GED",0.01,"1"
"189",2014,"Race/Ethnicity","Asian","Not Justice Involved","HS Diploma",0.92,"92"
"190",2014,"Race/Ethnicity","Asian","Status Offender","Dropout",NA,"21-40"
"191",2014,"Race/Ethnicity","Asian","Status Offender","GED",NA,"21-40"
"192",2014,"Race/Ethnicity","Asian","Status Offender","HS Diploma",NA,"41-60"
"193",2014,"Race/Ethnicity","Black or African American","Justice Involved","Dropout",0.45,"45"
"194",2014,"Race/Ethnicity","Black or African American","Justice Involved","GED",0.11,"11"
"195",2014,"Race/Ethnicity","Black or African American","Justice Involved","HS Diploma",0.44,"44"
"196",2014,"Race/Ethnicity","Black or African American","Juvenile Offender","Dropout",0.45,"45"
"197",2014,"Race/Ethnicity","Black or African American","Juvenile Offender","GED",0.11,"11"
"198",2014,"Race/Ethnicity","Black or African American","Juvenile Offender","HS Diploma",0.44,"44"
"199",2014,"Race/Ethnicity","Black or African American","Not Justice Involved","Dropout",0.16,"16"
"200",2014,"Race/Ethnicity","Black or African American","Not Justice Involved","GED",0.03,"3"
"201",2014,"Race/Ethnicity","Black or African American","Not Justice Involved","HS Diploma",0.81,"81"
"202",2014,"Race/Ethnicity","Black or African American","Status Offender","Dropout",NA,"40-49"
"203",2014,"Race/Ethnicity","Black or African American","Status Offender","GED",NA,"11-19"
"204",2014,"Race/Ethnicity","Black or African American","Status Offender","HS Diploma",NA,"30-39"
"205",2014,"Race/Ethnicity","Multiple Races (Details Unknown)","Justice Involved","Dropout",0.34,"34"
"206",2014,"Race/Ethnicity","Multiple Races (Details Unknown)","Justice Involved","GED",0.13,"13"
"207",2014,"Race/Ethnicity","Multiple Races (Details Unknown)","Justice Involved","HS Diploma",0.53,"53"
"208",2014,"Race/Ethnicity","Multiple Races (Details Unknown)","Juvenile Offender","Dropout",0.35,"35"
"209",2014,"Race/Ethnicity","Multiple Races (Details Unknown)","Juvenile Offender","GED",0.12,"12"
"210",2014,"Race/Ethnicity","Multiple Races (Details Unknown)","Juvenile Offender","HS Diploma",0.53,"53"
"211",2014,"Race/Ethnicity","Multiple Races (Details Unknown)","Not Justice Involved","Dropout",0.11,"11"
"212",2014,"Race/Ethnicity","Multiple Races (Details Unknown)","Not Justice Involved","GED",0.03,"3"
"213",2014,"Race/Ethnicity","Multiple Races (Details Unknown)","Not Justice Involved","HS Diploma",0.86,"86"
"214",2014,"Race/Ethnicity","Multiple Races (Details Unknown)","Status Offender","Dropout",NA,"20-29"
"215",2014,"Race/Ethnicity","Multiple Races (Details Unknown)","Status Offender","GED",NA,"20-29"
"216",2014,"Race/Ethnicity","Multiple Races (Details Unknown)","Status Offender","HS Diploma",NA,"50-59"
"217",2014,"Race/Ethnicity","Native Hawaiian and Other Pacific Islander","Justice Involved","Dropout",0.41,"41"
"218",2014,"Race/Ethnicity","Native Hawaiian and Other Pacific Islander","Justice Involved","GED",0.1,"10"
"219",2014,"Race/Ethnicity","Native Hawaiian and Other Pacific Islander","Justice Involved","HS Diploma",0.49,"49"
"220",2014,"Race/Ethnicity","Native Hawaiian and Other Pacific Islander","Juvenile Offender","Dropout",0.4,"40"
"221",2014,"Race/Ethnicity","Native Hawaiian and Other Pacific Islander","Juvenile Offender","GED",0.11,"11"
"222",2014,"Race/Ethnicity","Native Hawaiian and Other Pacific Islander","Juvenile Offender","HS Diploma",0.5,"50"
"223",2014,"Race/Ethnicity","Native Hawaiian and Other Pacific Islander","Not Justice Involved","Dropout",0.23,"23"
"224",2014,"Race/Ethnicity","Native Hawaiian and Other Pacific Islander","Not Justice Involved","GED",0.02,"2"
"225",2014,"Race/Ethnicity","Native Hawaiian and Other Pacific Islander","Not Justice Involved","HS Diploma",0.76,"76"
"226",2014,"Race/Ethnicity","Native Hawaiian and Other Pacific Islander","Status Offender","Dropout",NA,"61-80"
"227",2014,"Race/Ethnicity","Native Hawaiian and Other Pacific Islander","Status Offender","GED",NA,"0-20"
"228",2014,"Race/Ethnicity","Native Hawaiian and Other Pacific Islander","Status Offender","HS Diploma",NA,"41-60"
"229",2014,"Race/Ethnicity","Not Provided - Race","Justice Involved","Dropout",NA,"Redacted"
"230",2014,"Race/Ethnicity","Not Provided - Race","Justice Involved","GED",NA,"Redacted"
"231",2014,"Race/Ethnicity","Not Provided - Race","Justice Involved","HS Diploma",NA,"Redacted"
"232",2014,"Race/Ethnicity","Not Provided - Race","Juvenile Offender","Dropout",NA,"Redacted"
"233",2014,"Race/Ethnicity","Not Provided - Race","Juvenile Offender","GED",NA,"Redacted"
"234",2014,"Race/Ethnicity","Not Provided - Race","Juvenile Offender","HS Diploma",NA,"Redacted"
"235",2014,"Race/Ethnicity","Not Provided - Race","Not Justice Involved","Dropout",NA,"Redacted"
"236",2014,"Race/Ethnicity","Not Provided - Race","Not Justice Involved","GED",NA,"Redacted"
"237",2014,"Race/Ethnicity","Not Provided - Race","Not Justice Involved","HS Diploma",NA,"Redacted"
"238",2014,"Race/Ethnicity","Spanish/Hispanic/Latino","Justice Involved","Dropout",0.46,"46"
"239",2014,"Race/Ethnicity","Spanish/Hispanic/Latino","Justice Involved","GED",0.08,"8"
"240",2014,"Race/Ethnicity","Spanish/Hispanic/Latino","Justice Involved","HS Diploma",0.46,"46"
"241",2014,"Race/Ethnicity","Spanish/Hispanic/Latino","Juvenile Offender","Dropout",0.44,"44"
"242",2014,"Race/Ethnicity","Spanish/Hispanic/Latino","Juvenile Offender","GED",0.08,"8"
"243",2014,"Race/Ethnicity","Spanish/Hispanic/Latino","Juvenile Offender","HS Diploma",0.47,"47"
"244",2014,"Race/Ethnicity","Spanish/Hispanic/Latino","Not Justice Involved","Dropout",0.18,"18"
"245",2014,"Race/Ethnicity","Spanish/Hispanic/Latino","Not Justice Involved","GED",0.03,"3"
"246",2014,"Race/Ethnicity","Spanish/Hispanic/Latino","Not Justice Involved","HS Diploma",0.79,"79"
"247",2014,"Race/Ethnicity","Spanish/Hispanic/Latino","Status Offender","Dropout",0.68,"68"
"248",2014,"Race/Ethnicity","Spanish/Hispanic/Latino","Status Offender","GED",0.1,"10"
"249",2014,"Race/Ethnicity","Spanish/Hispanic/Latino","Status Offender","HS Diploma",0.23,"23"
"250",2014,"Race/Ethnicity","White","Justice Involved","Dropout",0.33,"33"
"251",2014,"Race/Ethnicity","White","Justice Involved","GED",0.13,"13"
"252",2014,"Race/Ethnicity","White","Justice Involved","HS Diploma",0.55,"55"
"253",2014,"Race/Ethnicity","White","Juvenile Offender","Dropout",0.32,"32"
"254",2014,"Race/Ethnicity","White","Juvenile Offender","GED",0.12,"12"
"255",2014,"Race/Ethnicity","White","Juvenile Offender","HS Diploma",0.55,"55"
"256",2014,"Race/Ethnicity","White","Not Justice Involved","Dropout",0.09,"9"
"257",2014,"Race/Ethnicity","White","Not Justice Involved","GED",0.03,"3"
"258",2014,"Race/Ethnicity","White","Not Justice Involved","HS Diploma",0.88,"88"
"259",2014,"Race/Ethnicity","White","Status Offender","Dropout",0.5,"50"
"260",2014,"Race/Ethnicity","White","Status Offender","GED",0.16,"16"
"261",2014,"Race/Ethnicity","White","Status Offender","HS Diploma",0.33,"33"
"262",2015,"All Students","All Students","Justice Involved","Dropout",0.39,"39"
"263",2015,"All Students","All Students","Justice Involved","GED",0.09,"9"
"264",2015,"All Students","All Students","Justice Involved","HS Diploma",0.52,"52"
"265",2015,"All Students","All Students","Juvenile Offender","Dropout",0.38,"38"
"266",2015,"All Students","All Students","Juvenile Offender","GED",0.09,"9"
"267",2015,"All Students","All Students","Juvenile Offender","HS Diploma",0.53,"53"
"268",2015,"All Students","All Students","Not Justice Involved","Dropout",0.11,"11"
"269",2015,"All Students","All Students","Not Justice Involved","GED",0.02,"2"
"270",2015,"All Students","All Students","Not Justice Involved","HS Diploma",0.87,"87"
"271",2015,"All Students","All Students","Status Offender","Dropout",0.59,"59"
"272",2015,"All Students","All Students","Status Offender","GED",0.1,"10"
"273",2015,"All Students","All Students","Status Offender","HS Diploma",0.31,"31"
"274",2015,"Gender","F","Justice Involved","Dropout",0.34,"34"
"275",2015,"Gender","F","Justice Involved","GED",0.08,"8"
"276",2015,"Gender","F","Justice Involved","HS Diploma",0.58,"58"
"277",2015,"Gender","F","Juvenile Offender","Dropout",0.33,"33"
"278",2015,"Gender","F","Juvenile Offender","GED",0.08,"8"
"279",2015,"Gender","F","Juvenile Offender","HS Diploma",0.59,"59"
"280",2015,"Gender","F","Not Justice Involved","Dropout",0.1,"10"
"281",2015,"Gender","F","Not Justice Involved","GED",0.02,"2"
"282",2015,"Gender","F","Not Justice Involved","HS Diploma",0.88,"88"
"283",2015,"Gender","F","Status Offender","Dropout",0.53,"53"
"284",2015,"Gender","F","Status Offender","GED",0.09,"9"
"285",2015,"Gender","F","Status Offender","HS Diploma",0.39,"39"
"286",2015,"Gender","M","Justice Involved","Dropout",0.42,"42"
"287",2015,"Gender","M","Justice Involved","GED",0.1,"10"
"288",2015,"Gender","M","Justice Involved","HS Diploma",0.48,"48"
"289",2015,"Gender","M","Juvenile Offender","Dropout",0.41,"41"
"290",2015,"Gender","M","Juvenile Offender","GED",0.1,"10"
"291",2015,"Gender","M","Juvenile Offender","HS Diploma",0.49,"49"
"292",2015,"Gender","M","Not Justice Involved","Dropout",0.12,"12"
"293",2015,"Gender","M","Not Justice Involved","GED",0.02,"2"
"294",2015,"Gender","M","Not Justice Involved","HS Diploma",0.85,"85"
"295",2015,"Gender","M","Status Offender","Dropout",0.64,"64"
"296",2015,"Gender","M","Status Offender","GED",0.1,"10"
"297",2015,"Gender","M","Status Offender","HS Diploma",0.26,"26"
"298",2015,"Race/Ethnicity","American Indian or Alaska Native","Justice Involved","Dropout",0.56,"56"
"299",2015,"Race/Ethnicity","American Indian or Alaska Native","Justice Involved","GED",0.12,"12"
"300",2015,"Race/Ethnicity","American Indian or Alaska Native","Justice Involved","HS Diploma",0.32,"32"
"301",2015,"Race/Ethnicity","American Indian or Alaska Native","Juvenile Offender","Dropout",0.56,"56"
"302",2015,"Race/Ethnicity","American Indian or Alaska Native","Juvenile Offender","GED",0.12,"12"
"303",2015,"Race/Ethnicity","American Indian or Alaska Native","Juvenile Offender","HS Diploma",0.32,"32"
"304",2015,"Race/Ethnicity","American Indian or Alaska Native","Not Justice Involved","Dropout",0.23,"23"
"305",2015,"Race/Ethnicity","American Indian or Alaska Native","Not Justice Involved","GED",0.04,"4"
"306",2015,"Race/Ethnicity","American Indian or Alaska Native","Not Justice Involved","HS Diploma",0.74,"74"
"307",2015,"Race/Ethnicity","American Indian or Alaska Native","Status Offender","Dropout",NA,"50-59"
"308",2015,"Race/Ethnicity","American Indian or Alaska Native","Status Offender","GED",NA,"0-10"
"309",2015,"Race/Ethnicity","American Indian or Alaska Native","Status Offender","HS Diploma",NA,"30-39"
"310",2015,"Race/Ethnicity","Asian","Justice Involved","Dropout",0.26,"26"
"311",2015,"Race/Ethnicity","Asian","Justice Involved","GED",0.05,"5"
"312",2015,"Race/Ethnicity","Asian","Justice Involved","HS Diploma",0.69,"69"
"313",2015,"Race/Ethnicity","Asian","Juvenile Offender","Dropout",0.26,"26"
"314",2015,"Race/Ethnicity","Asian","Juvenile Offender","GED",0.05,"5"
"315",2015,"Race/Ethnicity","Asian","Juvenile Offender","HS Diploma",0.7,"70"
"316",2015,"Race/Ethnicity","Asian","Not Justice Involved","Dropout",0.07,"7"
"317",2015,"Race/Ethnicity","Asian","Not Justice Involved","GED",0.01,"1"
"318",2015,"Race/Ethnicity","Asian","Not Justice Involved","HS Diploma",0.92,"92"
"319",2015,"Race/Ethnicity","Asian","Status Offender","Dropout",NA,"Redacted"
"320",2015,"Race/Ethnicity","Asian","Status Offender","GED",NA,"Redacted"
"321",2015,"Race/Ethnicity","Asian","Status Offender","HS Diploma",NA,"Redacted"
"322",2015,"Race/Ethnicity","Black or African American","Justice Involved","Dropout",0.42,"42"
"323",2015,"Race/Ethnicity","Black or African American","Justice Involved","GED",0.09,"9"
"324",2015,"Race/Ethnicity","Black or African American","Justice Involved","HS Diploma",0.49,"49"
"325",2015,"Race/Ethnicity","Black or African American","Juvenile Offender","Dropout",0.42,"42"
"326",2015,"Race/Ethnicity","Black or African American","Juvenile Offender","GED",0.09,"9"
"327",2015,"Race/Ethnicity","Black or African American","Juvenile Offender","HS Diploma",0.49,"49"
"328",2015,"Race/Ethnicity","Black or African American","Not Justice Involved","Dropout",0.16,"16"
"329",2015,"Race/Ethnicity","Black or African American","Not Justice Involved","GED",0.02,"2"
"330",2015,"Race/Ethnicity","Black or African American","Not Justice Involved","HS Diploma",0.82,"82"
"331",2015,"Race/Ethnicity","Black or African American","Status Offender","Dropout",NA,"41-60"
"332",2015,"Race/Ethnicity","Black or African American","Status Offender","GED",NA,"0-20"
"333",2015,"Race/Ethnicity","Black or African American","Status Offender","HS Diploma",NA,"41-60"
"334",2015,"Race/Ethnicity","Multiple Races (Details Unknown)","Justice Involved","Dropout",0.35,"35"
"335",2015,"Race/Ethnicity","Multiple Races (Details Unknown)","Justice Involved","GED",0.12,"12"
"336",2015,"Race/Ethnicity","Multiple Races (Details Unknown)","Justice Involved","HS Diploma",0.53,"53"
"337",2015,"Race/Ethnicity","Multiple Races (Details Unknown)","Juvenile Offender","Dropout",0.34,"34"
"338",2015,"Race/Ethnicity","Multiple Races (Details Unknown)","Juvenile Offender","GED",0.12,"12"
"339",2015,"Race/Ethnicity","Multiple Races (Details Unknown)","Juvenile Offender","HS Diploma",0.54,"54"
"340",2015,"Race/Ethnicity","Multiple Races (Details Unknown)","Not Justice Involved","Dropout",0.1,"10"
"341",2015,"Race/Ethnicity","Multiple Races (Details Unknown)","Not Justice Involved","GED",0.03,"3"
"342",2015,"Race/Ethnicity","Multiple Races (Details Unknown)","Not Justice Involved","HS Diploma",0.87,"87"
"343",2015,"Race/Ethnicity","Multiple Races (Details Unknown)","Status Offender","Dropout",NA,"60-69"
"344",2015,"Race/Ethnicity","Multiple Races (Details Unknown)","Status Offender","GED",NA,"11-19"
"345",2015,"Race/Ethnicity","Multiple Races (Details Unknown)","Status Offender","HS Diploma",NA,"20-29"
"346",2015,"Race/Ethnicity","Native Hawaiian and Other Pacific Islander","Justice Involved","Dropout",NA,"50-54"
"347",2015,"Race/Ethnicity","Native Hawaiian and Other Pacific Islander","Justice Involved","GED",NA,"5-9"
"348",2015,"Race/Ethnicity","Native Hawaiian and Other Pacific Islander","Justice Involved","HS Diploma",NA,"35-39"
"349",2015,"Race/Ethnicity","Native Hawaiian and Other Pacific Islander","Juvenile Offender","Dropout",NA,"50-54"
"350",2015,"Race/Ethnicity","Native Hawaiian and Other Pacific Islander","Juvenile Offender","GED",NA,"5-9"
"351",2015,"Race/Ethnicity","Native Hawaiian and Other Pacific Islander","Juvenile Offender","HS Diploma",NA,"35-39"
"352",2015,"Race/Ethnicity","Native Hawaiian and Other Pacific Islander","Not Justice Involved","Dropout",0.22,"22"
"353",2015,"Race/Ethnicity","Native Hawaiian and Other Pacific Islander","Not Justice Involved","GED",NA,"0-1"
"354",2015,"Race/Ethnicity","Native Hawaiian and Other Pacific Islander","Not Justice Involved","HS Diploma",0.77,"77"
"355",2015,"Race/Ethnicity","Native Hawaiian and Other Pacific Islander","Status Offender","Dropout",NA,"Redacted"
"356",2015,"Race/Ethnicity","Native Hawaiian and Other Pacific Islander","Status Offender","GED",NA,"Redacted"
"357",2015,"Race/Ethnicity","Native Hawaiian and Other Pacific Islander","Status Offender","HS Diploma",NA,"Redacted"
"358",2015,"Race/Ethnicity","Not Provided - Race","Justice Involved","Dropout",NA,"Redacted"
"359",2015,"Race/Ethnicity","Not Provided - Race","Justice Involved","GED",NA,"Redacted"
"360",2015,"Race/Ethnicity","Not Provided - Race","Justice Involved","HS Diploma",NA,"Redacted"
"361",2015,"Race/Ethnicity","Not Provided - Race","Juvenile Offender","Dropout",NA,"Redacted"
"362",2015,"Race/Ethnicity","Not Provided - Race","Juvenile Offender","GED",NA,"Redacted"
"363",2015,"Race/Ethnicity","Not Provided - Race","Juvenile Offender","HS Diploma",NA,"Redacted"
"364",2015,"Race/Ethnicity","Not Provided - Race","Not Justice Involved","Dropout",NA,"Redacted"
"365",2015,"Race/Ethnicity","Not Provided - Race","Not Justice Involved","GED",NA,"Redacted"
"366",2015,"Race/Ethnicity","Not Provided - Race","Not Justice Involved","HS Diploma",NA,"Redacted"
"367",2015,"Race/Ethnicity","Not Provided - Race","Status Offender","Dropout",NA,"Redacted"
"368",2015,"Race/Ethnicity","Not Provided - Race","Status Offender","GED",NA,"Redacted"
"369",2015,"Race/Ethnicity","Not Provided - Race","Status Offender","HS Diploma",NA,"Redacted"
"370",2015,"Race/Ethnicity","Spanish/Hispanic/Latino","Justice Involved","Dropout",0.44,"44"
"371",2015,"Race/Ethnicity","Spanish/Hispanic/Latino","Justice Involved","GED",0.07,"7"
"372",2015,"Race/Ethnicity","Spanish/Hispanic/Latino","Justice Involved","HS Diploma",0.49,"49"
"373",2015,"Race/Ethnicity","Spanish/Hispanic/Latino","Juvenile Offender","Dropout",0.43,"43"
"374",2015,"Race/Ethnicity","Spanish/Hispanic/Latino","Juvenile Offender","GED",0.07,"7"
"375",2015,"Race/Ethnicity","Spanish/Hispanic/Latino","Juvenile Offender","HS Diploma",0.5,"50"
"376",2015,"Race/Ethnicity","Spanish/Hispanic/Latino","Not Justice Involved","Dropout",0.17,"17"
"377",2015,"Race/Ethnicity","Spanish/Hispanic/Latino","Not Justice Involved","GED",0.02,"2"
"378",2015,"Race/Ethnicity","Spanish/Hispanic/Latino","Not Justice Involved","HS Diploma",0.81,"81"
"379",2015,"Race/Ethnicity","Spanish/Hispanic/Latino","Status Offender","Dropout",NA,"60-64"
"380",2015,"Race/Ethnicity","Spanish/Hispanic/Latino","Status Offender","GED",NA,"5-9"
"381",2015,"Race/Ethnicity","Spanish/Hispanic/Latino","Status Offender","HS Diploma",NA,"30-34"
"382",2015,"Race/Ethnicity","White","Justice Involved","Dropout",0.36,"36"
"383",2015,"Race/Ethnicity","White","Justice Involved","GED",0.1,"10"
"384",2015,"Race/Ethnicity","White","Justice Involved","HS Diploma",0.54,"54"
"385",2015,"Race/Ethnicity","White","Juvenile Offender","Dropout",0.35,"35"
"386",2015,"Race/Ethnicity","White","Juvenile Offender","GED",0.1,"10"
"387",2015,"Race/Ethnicity","White","Juvenile Offender","HS Diploma",0.55,"55"
"388",2015,"Race/Ethnicity","White","Not Justice Involved","Dropout",0.09,"9"
"389",2015,"Race/Ethnicity","White","Not Justice Involved","GED",0.02,"2"
"390",2015,"Race/Ethnicity","White","Not Justice Involved","HS Diploma",0.88,"88"
"391",2015,"Race/Ethnicity","White","Status Offender","Dropout",0.58,"58"
"392",2015,"Race/Ethnicity","White","Status Offender","GED",0.12,"12"
"393",2015,"Race/Ethnicity","White","Status Offender","HS Diploma",0.3,"30"
"394",2016,"All Students","All Students","Justice Involved","Dropout",0.4,"40"
"395",2016,"All Students","All Students","Justice Involved","GED",0.08,"8"
"396",2016,"All Students","All Students","Justice Involved","HS Diploma",0.52,"52"
"397",2016,"All Students","All Students","Juvenile Offender","Dropout",0.39,"39"
"398",2016,"All Students","All Students","Juvenile Offender","GED",0.08,"8"
"399",2016,"All Students","All Students","Juvenile Offender","HS Diploma",0.53,"53"
"400",2016,"All Students","All Students","Not Justice Involved","Dropout",0.11,"11"
"401",2016,"All Students","All Students","Not Justice Involved","GED",0.02,"2"
"402",2016,"All Students","All Students","Not Justice Involved","HS Diploma",0.87,"87"
"403",2016,"All Students","All Students","Status Offender","Dropout",0.54,"54"
"404",2016,"All Students","All Students","Status Offender","GED",0.09,"9"
"405",2016,"All Students","All Students","Status Offender","HS Diploma",0.37,"37"
"406",2016,"Gender","F","Justice Involved","Dropout",0.37,"37"
"407",2016,"Gender","F","Justice Involved","GED",0.07,"7"
"408",2016,"Gender","F","Justice Involved","HS Diploma",0.56,"56"
"409",2016,"Gender","F","Juvenile Offender","Dropout",0.37,"37"
"410",2016,"Gender","F","Juvenile Offender","GED",0.06,"6"
"411",2016,"Gender","F","Juvenile Offender","HS Diploma",0.57,"57"
"412",2016,"Gender","F","Not Justice Involved","Dropout",0.1,"10"
"413",2016,"Gender","F","Not Justice Involved","GED",0.02,"2"
"414",2016,"Gender","F","Not Justice Involved","HS Diploma",0.89,"89"
"415",2016,"Gender","F","Status Offender","Dropout",0.46,"46"
"416",2016,"Gender","F","Status Offender","GED",0.1,"10"
"417",2016,"Gender","F","Status Offender","HS Diploma",0.44,"44"
"418",2016,"Gender","M","Justice Involved","Dropout",0.41,"41"
"419",2016,"Gender","M","Justice Involved","GED",0.09,"9"
"420",2016,"Gender","M","Justice Involved","HS Diploma",0.5,"50"
"421",2016,"Gender","M","Juvenile Offender","Dropout",0.41,"41"
"422",2016,"Gender","M","Juvenile Offender","GED",0.09,"9"
"423",2016,"Gender","M","Juvenile Offender","HS Diploma",0.51,"51"
"424",2016,"Gender","M","Not Justice Involved","Dropout",0.12,"12"
"425",2016,"Gender","M","Not Justice Involved","GED",0.02,"2"
"426",2016,"Gender","M","Not Justice Involved","HS Diploma",0.86,"86"
"427",2016,"Gender","M","Status Offender","Dropout",0.58,"58"
"428",2016,"Gender","M","Status Offender","GED",0.08,"8"
"429",2016,"Gender","M","Status Offender","HS Diploma",0.34,"34"
"430",2016,"Race/Ethnicity","American Indian or Alaska Native","Justice Involved","Dropout",0.53,"53"
"431",2016,"Race/Ethnicity","American Indian or Alaska Native","Justice Involved","GED",0.12,"12"
"432",2016,"Race/Ethnicity","American Indian or Alaska Native","Justice Involved","HS Diploma",0.36,"36"
"433",2016,"Race/Ethnicity","American Indian or Alaska Native","Juvenile Offender","Dropout",0.52,"52"
"434",2016,"Race/Ethnicity","American Indian or Alaska Native","Juvenile Offender","GED",0.12,"12"
"435",2016,"Race/Ethnicity","American Indian or Alaska Native","Juvenile Offender","HS Diploma",0.36,"36"
"436",2016,"Race/Ethnicity","American Indian or Alaska Native","Not Justice Involved","Dropout",0.22,"22"
"437",2016,"Race/Ethnicity","American Indian or Alaska Native","Not Justice Involved","GED",0.04,"4"
"438",2016,"Race/Ethnicity","American Indian or Alaska Native","Not Justice Involved","HS Diploma",0.74,"74"
"439",2016,"Race/Ethnicity","American Indian or Alaska Native","Status Offender","Dropout",NA,"61-80"
"440",2016,"Race/Ethnicity","American Indian or Alaska Native","Status Offender","GED",NA,"0-20"
"441",2016,"Race/Ethnicity","American Indian or Alaska Native","Status Offender","HS Diploma",NA,"21-40"
"442",2016,"Race/Ethnicity","Asian","Justice Involved","Dropout",0.28,"28"
"443",2016,"Race/Ethnicity","Asian","Justice Involved","GED",0.05,"5"
"444",2016,"Race/Ethnicity","Asian","Justice Involved","HS Diploma",0.66,"66"
"445",2016,"Race/Ethnicity","Asian","Juvenile Offender","Dropout",0.27,"27"
"446",2016,"Race/Ethnicity","Asian","Juvenile Offender","GED",0.05,"5"
"447",2016,"Race/Ethnicity","Asian","Juvenile Offender","HS Diploma",0.69,"69"
"448",2016,"Race/Ethnicity","Asian","Not Justice Involved","Dropout",0.07,"7"
"449",2016,"Race/Ethnicity","Asian","Not Justice Involved","GED",0.01,"1"
"450",2016,"Race/Ethnicity","Asian","Not Justice Involved","HS Diploma",0.92,"92"
"451",2016,"Race/Ethnicity","Asian","Status Offender","Dropout",NA,"41-60"
"452",2016,"Race/Ethnicity","Asian","Status Offender","GED",NA,"0-20"
"453",2016,"Race/Ethnicity","Asian","Status Offender","HS Diploma",NA,"21-40"
"454",2016,"Race/Ethnicity","Black or African American","Justice Involved","Dropout",0.44,"44"
"455",2016,"Race/Ethnicity","Black or African American","Justice Involved","GED",0.08,"8"
"456",2016,"Race/Ethnicity","Black or African American","Justice Involved","HS Diploma",0.49,"49"
"457",2016,"Race/Ethnicity","Black or African American","Juvenile Offender","Dropout",0.44,"44"
"458",2016,"Race/Ethnicity","Black or African American","Juvenile Offender","GED",0.08,"8"
"459",2016,"Race/Ethnicity","Black or African American","Juvenile Offender","HS Diploma",0.49,"49"
"460",2016,"Race/Ethnicity","Black or African American","Not Justice Involved","Dropout",0.15,"15"
"461",2016,"Race/Ethnicity","Black or African American","Not Justice Involved","GED",0.02,"2"
"462",2016,"Race/Ethnicity","Black or African American","Not Justice Involved","HS Diploma",0.84,"84"
"463",2016,"Race/Ethnicity","Black or African American","Status Offender","Dropout",NA,"50-59"
"464",2016,"Race/Ethnicity","Black or African American","Status Offender","GED",NA,"0-10"
"465",2016,"Race/Ethnicity","Black or African American","Status Offender","HS Diploma",NA,"40-49"
"466",2016,"Race/Ethnicity","Multiple Races (Details Unknown)","Justice Involved","Dropout",0.38,"38"
"467",2016,"Race/Ethnicity","Multiple Races (Details Unknown)","Justice Involved","GED",0.1,"10"
"468",2016,"Race/Ethnicity","Multiple Races (Details Unknown)","Justice Involved","HS Diploma",0.53,"53"
"469",2016,"Race/Ethnicity","Multiple Races (Details Unknown)","Juvenile Offender","Dropout",0.38,"38"
"470",2016,"Race/Ethnicity","Multiple Races (Details Unknown)","Juvenile Offender","GED",0.09,"9"
"471",2016,"Race/Ethnicity","Multiple Races (Details Unknown)","Juvenile Offender","HS Diploma",0.52,"52"
"472",2016,"Race/Ethnicity","Multiple Races (Details Unknown)","Not Justice Involved","Dropout",0.1,"10"
"473",2016,"Race/Ethnicity","Multiple Races (Details Unknown)","Not Justice Involved","GED",0.02,"2"
"474",2016,"Race/Ethnicity","Multiple Races (Details Unknown)","Not Justice Involved","HS Diploma",0.87,"87"
"475",2016,"Race/Ethnicity","Multiple Races (Details Unknown)","Status Offender","Dropout",NA,"30-39"
"476",2016,"Race/Ethnicity","Multiple Races (Details Unknown)","Status Offender","GED",NA,"11-19"
"477",2016,"Race/Ethnicity","Multiple Races (Details Unknown)","Status Offender","HS Diploma",NA,"50-59"
"478",2016,"Race/Ethnicity","Native Hawaiian and Other Pacific Islander","Justice Involved","Dropout",NA,"50-54"
"479",2016,"Race/Ethnicity","Native Hawaiian and Other Pacific Islander","Justice Involved","GED",NA,"3-4"
"480",2016,"Race/Ethnicity","Native Hawaiian and Other Pacific Islander","Justice Involved","HS Diploma",NA,"40-44"
"481",2016,"Race/Ethnicity","Native Hawaiian and Other Pacific Islander","Juvenile Offender","Dropout",NA,"50-54"
"482",2016,"Race/Ethnicity","Native Hawaiian and Other Pacific Islander","Juvenile Offender","GED",NA,"3-4"
"483",2016,"Race/Ethnicity","Native Hawaiian and Other Pacific Islander","Juvenile Offender","HS Diploma",NA,"40-44"
"484",2016,"Race/Ethnicity","Native Hawaiian and Other Pacific Islander","Not Justice Involved","Dropout",0.21,"21"
"485",2016,"Race/Ethnicity","Native Hawaiian and Other Pacific Islander","Not Justice Involved","GED",0.02,"2"
"486",2016,"Race/Ethnicity","Native Hawaiian and Other Pacific Islander","Not Justice Involved","HS Diploma",0.77,"77"
"487",2016,"Race/Ethnicity","Native Hawaiian and Other Pacific Islander","Status Offender","Dropout",NA,"Redacted"
"488",2016,"Race/Ethnicity","Native Hawaiian and Other Pacific Islander","Status Offender","GED",NA,"Redacted"
"489",2016,"Race/Ethnicity","Native Hawaiian and Other Pacific Islander","Status Offender","HS Diploma",NA,"Redacted"
"490",2016,"Race/Ethnicity","Not Provided - Race","Justice Involved","Dropout",NA,"Redacted"
"491",2016,"Race/Ethnicity","Not Provided - Race","Justice Involved","GED",NA,"Redacted"
"492",2016,"Race/Ethnicity","Not Provided - Race","Justice Involved","HS Diploma",NA,"Redacted"
"493",2016,"Race/Ethnicity","Not Provided - Race","Juvenile Offender","Dropout",NA,"Redacted"
"494",2016,"Race/Ethnicity","Not Provided - Race","Juvenile Offender","GED",NA,"Redacted"
"495",2016,"Race/Ethnicity","Not Provided - Race","Juvenile Offender","HS Diploma",NA,"Redacted"
"496",2016,"Race/Ethnicity","Not Provided - Race","Not Justice Involved","Dropout",NA,"Redacted"
"497",2016,"Race/Ethnicity","Not Provided - Race","Not Justice Involved","GED",NA,"Redacted"
"498",2016,"Race/Ethnicity","Not Provided - Race","Not Justice Involved","HS Diploma",NA,"Redacted"
"499",2016,"Race/Ethnicity","Spanish/Hispanic/Latino","Justice Involved","Dropout",0.45,"45"
"500",2016,"Race/Ethnicity","Spanish/Hispanic/Latino","Justice Involved","GED",0.06,"6"
"501",2016,"Race/Ethnicity","Spanish/Hispanic/Latino","Justice Involved","HS Diploma",0.49,"49"
"502",2016,"Race/Ethnicity","Spanish/Hispanic/Latino","Juvenile Offender","Dropout",0.44,"44"
"503",2016,"Race/Ethnicity","Spanish/Hispanic/Latino","Juvenile Offender","GED",0.06,"6"
"504",2016,"Race/Ethnicity","Spanish/Hispanic/Latino","Juvenile Offender","HS Diploma",0.5,"50"
"505",2016,"Race/Ethnicity","Spanish/Hispanic/Latino","Not Justice Involved","Dropout",0.16,"16"
"506",2016,"Race/Ethnicity","Spanish/Hispanic/Latino","Not Justice Involved","GED",0.02,"2"
"507",2016,"Race/Ethnicity","Spanish/Hispanic/Latino","Not Justice Involved","HS Diploma",0.82,"82"
"508",2016,"Race/Ethnicity","Spanish/Hispanic/Latino","Status Offender","Dropout",0.57,"57"
"509",2016,"Race/Ethnicity","Spanish/Hispanic/Latino","Status Offender","GED",0.08,"8"
"510",2016,"Race/Ethnicity","Spanish/Hispanic/Latino","Status Offender","HS Diploma",0.35,"35"
"511",2016,"Race/Ethnicity","White","Justice Involved","Dropout",0.37,"37"
"512",2016,"Race/Ethnicity","White","Justice Involved","GED",0.09,"9"
"513",2016,"Race/Ethnicity","White","Justice Involved","HS Diploma",0.54,"54"
"514",2016,"Race/Ethnicity","White","Juvenile Offender","Dropout",0.36,"36"
"515",2016,"Race/Ethnicity","White","Juvenile Offender","GED",0.09,"9"
"516",2016,"Race/Ethnicity","White","Juvenile Offender","HS Diploma",0.55,"55"
"517",2016,"Race/Ethnicity","White","Not Justice Involved","Dropout",0.09,"9"
"518",2016,"Race/Ethnicity","White","Not Justice Involved","GED",0.02,"2"
"519",2016,"Race/Ethnicity","White","Not Justice Involved","HS Diploma",0.89,"89"
"520",2016,"Race/Ethnicity","White","Status Offender","Dropout",0.54,"54"
"521",2016,"Race/Ethnicity","White","Status Offender","GED",0.1,"10"
"522",2016,"Race/Ethnicity","White","Status Offender","HS Diploma",0.36,"36"
"523",2017,"All Students","All Students","Justice Involved","Dropout",0.41,"41"
"524",2017,"All Students","All Students","Justice Involved","GED",0.08,"8"
"525",2017,"All Students","All Students","Justice Involved","HS Diploma",0.5,"50"
"526",2017,"All Students","All Students","Juvenile Offender","Dropout",0.41,"41"
"527",2017,"All Students","All Students","Juvenile Offender","GED",0.08,"8"
"528",2017,"All Students","All Students","Juvenile Offender","HS Diploma",0.51,"51"
"529",2017,"All Students","All Students","Not Justice Involved","Dropout",0.12,"12"
"530",2017,"All Students","All Students","Not Justice Involved","GED",0.02,"2"
"531",2017,"All Students","All Students","Not Justice Involved","HS Diploma",0.86,"86"
"532",2017,"All Students","All Students","Status Offender","Dropout",0.54,"54"
"533",2017,"All Students","All Students","Status Offender","GED",0.09,"9"
"534",2017,"All Students","All Students","Status Offender","HS Diploma",0.38,"38"
"535",2017,"Gender","F","Justice Involved","Dropout",0.39,"39"
"536",2017,"Gender","F","Justice Involved","GED",0.07,"7"
"537",2017,"Gender","F","Justice Involved","HS Diploma",0.54,"54"
"538",2017,"Gender","F","Juvenile Offender","Dropout",0.38,"38"
"539",2017,"Gender","F","Juvenile Offender","GED",0.07,"7"
"540",2017,"Gender","F","Juvenile Offender","HS Diploma",0.54,"54"
"541",2017,"Gender","F","Not Justice Involved","Dropout",0.1,"10"
"542",2017,"Gender","F","Not Justice Involved","GED",0.02,"2"
"543",2017,"Gender","F","Not Justice Involved","HS Diploma",0.88,"88"
"544",2017,"Gender","F","Status Offender","Dropout",0.52,"52"
"545",2017,"Gender","F","Status Offender","GED",0.07,"7"
"546",2017,"Gender","F","Status Offender","HS Diploma",0.41,"41"
"547",2017,"Gender","M","Justice Involved","Dropout",0.43,"43"
"548",2017,"Gender","M","Justice Involved","GED",0.09,"9"
"549",2017,"Gender","M","Justice Involved","HS Diploma",0.48,"48"
"550",2017,"Gender","M","Juvenile Offender","Dropout",0.42,"42"
"551",2017,"Gender","M","Juvenile Offender","GED",0.09,"9"
"552",2017,"Gender","M","Juvenile Offender","HS Diploma",0.49,"49"
"553",2017,"Gender","M","Not Justice Involved","Dropout",0.13,"13"
"554",2017,"Gender","M","Not Justice Involved","GED",0.02,"2"
"555",2017,"Gender","M","Not Justice Involved","HS Diploma",0.85,"85"
"556",2017,"Gender","M","Status Offender","Dropout",0.55,"55"
"557",2017,"Gender","M","Status Offender","GED",0.1,"10"
"558",2017,"Gender","M","Status Offender","HS Diploma",0.35,"35"
"559",2017,"Gender","X","Not Justice Involved","Dropout",NA,"Redacted"
"560",2017,"Gender","X","Not Justice Involved","GED",NA,"Redacted"
"561",2017,"Gender","X","Not Justice Involved","HS Diploma",NA,"Redacted"
"562",2017,"Race/Ethnicity","American Indian or Alaska Native","Justice Involved","Dropout",0.52,"52"
"563",2017,"Race/Ethnicity","American Indian or Alaska Native","Justice Involved","GED",0.1,"10"
"564",2017,"Race/Ethnicity","American Indian or Alaska Native","Justice Involved","HS Diploma",0.37,"37"
"565",2017,"Race/Ethnicity","American Indian or Alaska Native","Juvenile Offender","Dropout",0.51,"51"
"566",2017,"Race/Ethnicity","American Indian or Alaska Native","Juvenile Offender","GED",0.1,"10"
"567",2017,"Race/Ethnicity","American Indian or Alaska Native","Juvenile Offender","HS Diploma",0.39,"39"
"568",2017,"Race/Ethnicity","American Indian or Alaska Native","Not Justice Involved","Dropout",0.25,"25"
"569",2017,"Race/Ethnicity","American Indian or Alaska Native","Not Justice Involved","GED",0.03,"3"
"570",2017,"Race/Ethnicity","American Indian or Alaska Native","Not Justice Involved","HS Diploma",0.72,"72"
"571",2017,"Race/Ethnicity","American Indian or Alaska Native","Status Offender","Dropout",NA,"60-69"
"572",2017,"Race/Ethnicity","American Indian or Alaska Native","Status Offender","GED",NA,"11-19"
"573",2017,"Race/Ethnicity","American Indian or Alaska Native","Status Offender","HS Diploma",NA,"11-19"
"574",2017,"Race/Ethnicity","Asian","Justice Involved","Dropout",0.32,"32"
"575",2017,"Race/Ethnicity","Asian","Justice Involved","GED",0.05,"5"
"576",2017,"Race/Ethnicity","Asian","Justice Involved","HS Diploma",0.63,"63"
"577",2017,"Race/Ethnicity","Asian","Juvenile Offender","Dropout",NA,"30-34"
"578",2017,"Race/Ethnicity","Asian","Juvenile Offender","GED",NA,"3-4"
"579",2017,"Race/Ethnicity","Asian","Juvenile Offender","HS Diploma",NA,"60-64"
"580",2017,"Race/Ethnicity","Asian","Not Justice Involved","Dropout",0.08,"8"
"581",2017,"Race/Ethnicity","Asian","Not Justice Involved","GED",0.01,"1"
"582",2017,"Race/Ethnicity","Asian","Not Justice Involved","HS Diploma",0.91,"91"
"583",2017,"Race/Ethnicity","Asian","Status Offender","Dropout",NA,"Redacted"
"584",2017,"Race/Ethnicity","Asian","Status Offender","GED",NA,"Redacted"
"585",2017,"Race/Ethnicity","Asian","Status Offender","HS Diploma",NA,"Redacted"
"586",2017,"Race/Ethnicity","Black or African American","Justice Involved","Dropout",0.46,"46"
"587",2017,"Race/Ethnicity","Black or African American","Justice Involved","GED",0.08,"8"
"588",2017,"Race/Ethnicity","Black or African American","Justice Involved","HS Diploma",0.46,"46"
"589",2017,"Race/Ethnicity","Black or African American","Juvenile Offender","Dropout",0.46,"46"
"590",2017,"Race/Ethnicity","Black or African American","Juvenile Offender","GED",0.08,"8"
"591",2017,"Race/Ethnicity","Black or African American","Juvenile Offender","HS Diploma",0.46,"46"
"592",2017,"Race/Ethnicity","Black or African American","Not Justice Involved","Dropout",0.18,"18"
"593",2017,"Race/Ethnicity","Black or African American","Not Justice Involved","GED",0.01,"1"
"594",2017,"Race/Ethnicity","Black or African American","Not Justice Involved","HS Diploma",0.81,"81"
"595",2017,"Race/Ethnicity","Black or African American","Status Offender","Dropout",NA,"60-69"
"596",2017,"Race/Ethnicity","Black or African American","Status Offender","GED",NA,"0-10"
"597",2017,"Race/Ethnicity","Black or African American","Status Offender","HS Diploma",NA,"20-29"
"598",2017,"Race/Ethnicity","Multiple Races (Details Unknown)","Justice Involved","Dropout",0.43,"43"
"599",2017,"Race/Ethnicity","Multiple Races (Details Unknown)","Justice Involved","GED",0.08,"8"
"600",2017,"Race/Ethnicity","Multiple Races (Details Unknown)","Justice Involved","HS Diploma",0.49,"49"
"601",2017,"Race/Ethnicity","Multiple Races (Details Unknown)","Juvenile Offender","Dropout",0.43,"43"
"602",2017,"Race/Ethnicity","Multiple Races (Details Unknown)","Juvenile Offender","GED",0.09,"9"
"603",2017,"Race/Ethnicity","Multiple Races (Details Unknown)","Juvenile Offender","HS Diploma",0.49,"49"
"604",2017,"Race/Ethnicity","Multiple Races (Details Unknown)","Not Justice Involved","Dropout",0.11,"11"
"605",2017,"Race/Ethnicity","Multiple Races (Details Unknown)","Not Justice Involved","GED",0.02,"2"
"606",2017,"Race/Ethnicity","Multiple Races (Details Unknown)","Not Justice Involved","HS Diploma",0.87,"87"
"607",2017,"Race/Ethnicity","Multiple Races (Details Unknown)","Status Offender","Dropout",NA,"50-59"
"608",2017,"Race/Ethnicity","Multiple Races (Details Unknown)","Status Offender","GED",NA,"0-10"
"609",2017,"Race/Ethnicity","Multiple Races (Details Unknown)","Status Offender","HS Diploma",NA,"40-49"
"610",2017,"Race/Ethnicity","Native Hawaiian and Other Pacific Islander","Justice Involved","Dropout",NA,"55-59"
"611",2017,"Race/Ethnicity","Native Hawaiian and Other Pacific Islander","Justice Involved","GED",NA,"6-9"
"612",2017,"Race/Ethnicity","Native Hawaiian and Other Pacific Islander","Justice Involved","HS Diploma",NA,"35-39"
"613",2017,"Race/Ethnicity","Native Hawaiian and Other Pacific Islander","Juvenile Offender","Dropout",NA,"55-59"
"614",2017,"Race/Ethnicity","Native Hawaiian and Other Pacific Islander","Juvenile Offender","GED",NA,"0-5"
"615",2017,"Race/Ethnicity","Native Hawaiian and Other Pacific Islander","Juvenile Offender","HS Diploma",NA,"35-39"
"616",2017,"Race/Ethnicity","Native Hawaiian and Other Pacific Islander","Not Justice Involved","Dropout",0.23,"23"
"617",2017,"Race/Ethnicity","Native Hawaiian and Other Pacific Islander","Not Justice Involved","GED",NA,"0-1"
"618",2017,"Race/Ethnicity","Native Hawaiian and Other Pacific Islander","Not Justice Involved","HS Diploma",0.76,"76"
"619",2017,"Race/Ethnicity","Native Hawaiian and Other Pacific Islander","Status Offender","Dropout",NA,"Redacted"
"620",2017,"Race/Ethnicity","Native Hawaiian and Other Pacific Islander","Status Offender","GED",NA,"Redacted"
"621",2017,"Race/Ethnicity","Native Hawaiian and Other Pacific Islander","Status Offender","HS Diploma",NA,"Redacted"
"622",2017,"Race/Ethnicity","Not Provided - Race","Justice Involved","Dropout",NA,"Redacted"
"623",2017,"Race/Ethnicity","Not Provided - Race","Justice Involved","GED",NA,"Redacted"
"624",2017,"Race/Ethnicity","Not Provided - Race","Justice Involved","HS Diploma",NA,"Redacted"
"625",2017,"Race/Ethnicity","Not Provided - Race","Juvenile Offender","Dropout",NA,"Redacted"
"626",2017,"Race/Ethnicity","Not Provided - Race","Juvenile Offender","GED",NA,"Redacted"
"627",2017,"Race/Ethnicity","Not Provided - Race","Juvenile Offender","HS Diploma",NA,"Redacted"
"628",2017,"Race/Ethnicity","Not Provided - Race","Not Justice Involved","Dropout",NA,"61-80"
"629",2017,"Race/Ethnicity","Not Provided - Race","Not Justice Involved","GED",NA,"0-20"
"630",2017,"Race/Ethnicity","Not Provided - Race","Not Justice Involved","HS Diploma",NA,"0-20"
"631",2017,"Race/Ethnicity","Spanish/Hispanic/Latino","Justice Involved","Dropout",0.47,"47"
"632",2017,"Race/Ethnicity","Spanish/Hispanic/Latino","Justice Involved","GED",0.07,"7"
"633",2017,"Race/Ethnicity","Spanish/Hispanic/Latino","Justice Involved","HS Diploma",0.46,"46"
"634",2017,"Race/Ethnicity","Spanish/Hispanic/Latino","Juvenile Offender","Dropout",0.46,"46"
"635",2017,"Race/Ethnicity","Spanish/Hispanic/Latino","Juvenile Offender","GED",0.07,"7"
"636",2017,"Race/Ethnicity","Spanish/Hispanic/Latino","Juvenile Offender","HS Diploma",0.47,"47"
"637",2017,"Race/Ethnicity","Spanish/Hispanic/Latino","Not Justice Involved","Dropout",0.16,"16"
"638",2017,"Race/Ethnicity","Spanish/Hispanic/Latino","Not Justice Involved","GED",0.02,"2"
"639",2017,"Race/Ethnicity","Spanish/Hispanic/Latino","Not Justice Involved","HS Diploma",0.82,"82"
"640",2017,"Race/Ethnicity","Spanish/Hispanic/Latino","Status Offender","Dropout",0.56,"56"
"641",2017,"Race/Ethnicity","Spanish/Hispanic/Latino","Status Offender","GED",0.07,"7"
"642",2017,"Race/Ethnicity","Spanish/Hispanic/Latino","Status Offender","HS Diploma",0.37,"37"
"643",2017,"Race/Ethnicity","White","Justice Involved","Dropout",0.37,"37"
"644",2017,"Race/Ethnicity","White","Justice Involved","GED",0.09,"9"
"645",2017,"Race/Ethnicity","White","Justice Involved","HS Diploma",0.54,"54"
"646",2017,"Race/Ethnicity","White","Juvenile Offender","Dropout",0.37,"37"
"647",2017,"Race/Ethnicity","White","Juvenile Offender","GED",0.09,"9"
"648",2017,"Race/Ethnicity","White","Juvenile Offender","HS Diploma",0.54,"54"
"649",2017,"Race/Ethnicity","White","Not Justice Involved","Dropout",0.1,"10"
"650",2017,"Race/Ethnicity","White","Not Justice Involved","GED",0.02,"2"
"651",2017,"Race/Ethnicity","White","Not Justice Involved","HS Diploma",0.88,"88"
"652",2017,"Race/Ethnicity","White","Status Offender","Dropout",0.48,"48"
"653",2017,"Race/Ethnicity","White","Status Offender","GED",0.1,"10"
"654",2017,"Race/Ethnicity","White","Status Offender","HS Diploma",0.41,"41"
"655",2018,"All Students","All Students","Justice Involved","Dropout",0.44,"44"
"656",2018,"All Students","All Students","Justice Involved","GED",0.07,"7"
"657",2018,"All Students","All Students","Justice Involved","HS Diploma",0.48,"48"
"658",2018,"All Students","All Students","Juvenile Offender","Dropout",0.43,"43"
"659",2018,"All Students","All Students","Juvenile Offender","GED",0.07,"7"
"660",2018,"All Students","All Students","Juvenile Offender","HS Diploma",0.49,"49"
"661",2018,"All Students","All Students","Not Justice Involved","Dropout",0.12,"12"
"662",2018,"All Students","All Students","Not Justice Involved","GED",0.02,"2"
"663",2018,"All Students","All Students","Not Justice Involved","HS Diploma",0.86,"86"
"664",2018,"All Students","All Students","Status Offender","Dropout",0.61,"61"
"665",2018,"All Students","All Students","Status Offender","GED",0.06,"6"
"666",2018,"All Students","All Students","Status Offender","HS Diploma",0.33,"33"
"667",2018,"Gender","F","Justice Involved","Dropout",0.42,"42"
"668",2018,"Gender","F","Justice Involved","GED",0.06,"6"
"669",2018,"Gender","F","Justice Involved","HS Diploma",0.52,"52"
"670",2018,"Gender","F","Juvenile Offender","Dropout",0.41,"41"
"671",2018,"Gender","F","Juvenile Offender","GED",0.06,"6"
"672",2018,"Gender","F","Juvenile Offender","HS Diploma",0.53,"53"
"673",2018,"Gender","F","Not Justice Involved","Dropout",0.11,"11"
"674",2018,"Gender","F","Not Justice Involved","GED",0.01,"1"
"675",2018,"Gender","F","Not Justice Involved","HS Diploma",0.88,"88"
"676",2018,"Gender","F","Status Offender","Dropout",0.55,"55"
"677",2018,"Gender","F","Status Offender","GED",0.08,"8"
"678",2018,"Gender","F","Status Offender","HS Diploma",0.37,"37"
"679",2018,"Gender","M","Justice Involved","Dropout",0.45,"45"
"680",2018,"Gender","M","Justice Involved","GED",0.08,"8"
"681",2018,"Gender","M","Justice Involved","HS Diploma",0.46,"46"
"682",2018,"Gender","M","Juvenile Offender","Dropout",0.44,"44"
"683",2018,"Gender","M","Juvenile Offender","GED",0.08,"8"
"684",2018,"Gender","M","Juvenile Offender","HS Diploma",0.47,"47"
"685",2018,"Gender","M","Not Justice Involved","Dropout",0.14,"14"
"686",2018,"Gender","M","Not Justice Involved","GED",0.02,"2"
"687",2018,"Gender","M","Not Justice Involved","HS Diploma",0.84,"84"
"688",2018,"Gender","M","Status Offender","Dropout",0.65,"65"
"689",2018,"Gender","M","Status Offender","GED",0.04,"4"
"690",2018,"Gender","M","Status Offender","HS Diploma",0.31,"31"
"691",2018,"Race/Ethnicity","American Indian or Alaska Native","Justice Involved","Dropout",0.61,"61"
"692",2018,"Race/Ethnicity","American Indian or Alaska Native","Justice Involved","GED",0.07,"7"
"693",2018,"Race/Ethnicity","American Indian or Alaska Native","Justice Involved","HS Diploma",0.32,"32"
"694",2018,"Race/Ethnicity","American Indian or Alaska Native","Juvenile Offender","Dropout",0.6,"60"
"695",2018,"Race/Ethnicity","American Indian or Alaska Native","Juvenile Offender","GED",0.07,"7"
"696",2018,"Race/Ethnicity","American Indian or Alaska Native","Juvenile Offender","HS Diploma",0.33,"33"
"697",2018,"Race/Ethnicity","American Indian or Alaska Native","Not Justice Involved","Dropout",0.26,"26"
"698",2018,"Race/Ethnicity","American Indian or Alaska Native","Not Justice Involved","GED",0.02,"2"
"699",2018,"Race/Ethnicity","American Indian or Alaska Native","Not Justice Involved","HS Diploma",0.72,"72"
"700",2018,"Race/Ethnicity","American Indian or Alaska Native","Status Offender","Dropout",NA,"61-80"
"701",2018,"Race/Ethnicity","American Indian or Alaska Native","Status Offender","GED",NA,"0-20"
"702",2018,"Race/Ethnicity","American Indian or Alaska Native","Status Offender","HS Diploma",NA,"0-20"
"703",2018,"Race/Ethnicity","Asian","Justice Involved","Dropout",0.24,"24"
"704",2018,"Race/Ethnicity","Asian","Justice Involved","GED",0.05,"5"
"705",2018,"Race/Ethnicity","Asian","Justice Involved","HS Diploma",0.71,"71"
"706",2018,"Race/Ethnicity","Asian","Juvenile Offender","Dropout",0.22,"22"
"707",2018,"Race/Ethnicity","Asian","Juvenile Offender","GED",0.06,"6"
"708",2018,"Race/Ethnicity","Asian","Juvenile Offender","HS Diploma",0.72,"72"
"709",2018,"Race/Ethnicity","Asian","Not Justice Involved","Dropout",0.08,"8"
"710",2018,"Race/Ethnicity","Asian","Not Justice Involved","GED",NA,"0-1"
"711",2018,"Race/Ethnicity","Asian","Not Justice Involved","HS Diploma",0.92,"92"
"712",2018,"Race/Ethnicity","Asian","Status Offender","Dropout",NA,"41-60"
"713",2018,"Race/Ethnicity","Asian","Status Offender","GED",NA,"0-20"
"714",2018,"Race/Ethnicity","Asian","Status Offender","HS Diploma",NA,"41-60"
"715",2018,"Race/Ethnicity","Black or African American","Justice Involved","Dropout",0.47,"47"
"716",2018,"Race/Ethnicity","Black or African American","Justice Involved","GED",0.06,"6"
"717",2018,"Race/Ethnicity","Black or African American","Justice Involved","HS Diploma",0.47,"47"
"718",2018,"Race/Ethnicity","Black or African American","Juvenile Offender","Dropout",0.47,"47"
"719",2018,"Race/Ethnicity","Black or African American","Juvenile Offender","GED",0.06,"6"
"720",2018,"Race/Ethnicity","Black or African American","Juvenile Offender","HS Diploma",0.47,"47"
"721",2018,"Race/Ethnicity","Black or African American","Not Justice Involved","Dropout",0.16,"16"
"722",2018,"Race/Ethnicity","Black or African American","Not Justice Involved","GED",0.01,"1"
"723",2018,"Race/Ethnicity","Black or African American","Not Justice Involved","HS Diploma",0.83,"83"
"724",2018,"Race/Ethnicity","Black or African American","Status Offender","Dropout",NA,"50-59"
"725",2018,"Race/Ethnicity","Black or African American","Status Offender","GED",NA,"0-10"
"726",2018,"Race/Ethnicity","Black or African American","Status Offender","HS Diploma",NA,"40-49"
"727",2018,"Race/Ethnicity","Multiple Races (Details Unknown)","Justice Involved","Dropout",0.43,"43"
"728",2018,"Race/Ethnicity","Multiple Races (Details Unknown)","Justice Involved","GED",0.07,"7"
"729",2018,"Race/Ethnicity","Multiple Races (Details Unknown)","Justice Involved","HS Diploma",0.5,"50"
"730",2018,"Race/Ethnicity","Multiple Races (Details Unknown)","Juvenile Offender","Dropout",0.43,"43"
"731",2018,"Race/Ethnicity","Multiple Races (Details Unknown)","Juvenile Offender","GED",0.07,"7"
"732",2018,"Race/Ethnicity","Multiple Races (Details Unknown)","Juvenile Offender","HS Diploma",0.5,"50"
"733",2018,"Race/Ethnicity","Multiple Races (Details Unknown)","Not Justice Involved","Dropout",0.12,"12"
"734",2018,"Race/Ethnicity","Multiple Races (Details Unknown)","Not Justice Involved","GED",0.02,"2"
"735",2018,"Race/Ethnicity","Multiple Races (Details Unknown)","Not Justice Involved","HS Diploma",0.86,"86"
"736",2018,"Race/Ethnicity","Multiple Races (Details Unknown)","Status Offender","Dropout",NA,"50-59"
"737",2018,"Race/Ethnicity","Multiple Races (Details Unknown)","Status Offender","GED",NA,"0-10"
"738",2018,"Race/Ethnicity","Multiple Races (Details Unknown)","Status Offender","HS Diploma",NA,"40-49"
"739",2018,"Race/Ethnicity","Native Hawaiian and Other Pacific Islander","Justice Involved","Dropout",NA,"50-54"
"740",2018,"Race/Ethnicity","Native Hawaiian and Other Pacific Islander","Justice Involved","GED",NA,"3-4"
"741",2018,"Race/Ethnicity","Native Hawaiian and Other Pacific Islander","Justice Involved","HS Diploma",NA,"40-44"
"742",2018,"Race/Ethnicity","Native Hawaiian and Other Pacific Islander","Juvenile Offender","Dropout",NA,"50-54"
"743",2018,"Race/Ethnicity","Native Hawaiian and Other Pacific Islander","Juvenile Offender","GED",NA,"0-5"
"744",2018,"Race/Ethnicity","Native Hawaiian and Other Pacific Islander","Juvenile Offender","HS Diploma",NA,"45-49"
"745",2018,"Race/Ethnicity","Native Hawaiian and Other Pacific Islander","Not Justice Involved","Dropout",0.19,"19"
"746",2018,"Race/Ethnicity","Native Hawaiian and Other Pacific Islander","Not Justice Involved","GED",NA,"0-1"
"747",2018,"Race/Ethnicity","Native Hawaiian and Other Pacific Islander","Not Justice Involved","HS Diploma",0.8,"80"
"748",2018,"Race/Ethnicity","Native Hawaiian and Other Pacific Islander","Status Offender","Dropout",NA,"61-80"
"749",2018,"Race/Ethnicity","Native Hawaiian and Other Pacific Islander","Status Offender","GED",NA,"0-20"
"750",2018,"Race/Ethnicity","Native Hawaiian and Other Pacific Islander","Status Offender","HS Diploma",NA,"21-40"
"751",2018,"Race/Ethnicity","Not Provided - Race","Justice Involved","Dropout",NA,"Redacted"
"752",2018,"Race/Ethnicity","Not Provided - Race","Justice Involved","GED",NA,"Redacted"
"753",2018,"Race/Ethnicity","Not Provided - Race","Justice Involved","HS Diploma",NA,"Redacted"
"754",2018,"Race/Ethnicity","Not Provided - Race","Juvenile Offender","Dropout",NA,"Redacted"
"755",2018,"Race/Ethnicity","Not Provided - Race","Juvenile Offender","GED",NA,"Redacted"
"756",2018,"Race/Ethnicity","Not Provided - Race","Juvenile Offender","HS Diploma",NA,"Redacted"
"757",2018,"Race/Ethnicity","Not Provided - Race","Not Justice Involved","Dropout",NA,"Redacted"
"758",2018,"Race/Ethnicity","Not Provided - Race","Not Justice Involved","GED",NA,"Redacted"
"759",2018,"Race/Ethnicity","Not Provided - Race","Not Justice Involved","HS Diploma",NA,"Redacted"
"760",2018,"Race/Ethnicity","Spanish/Hispanic/Latino","Justice Involved","Dropout",0.5,"50"
"761",2018,"Race/Ethnicity","Spanish/Hispanic/Latino","Justice Involved","GED",0.05,"5"
"762",2018,"Race/Ethnicity","Spanish/Hispanic/Latino","Justice Involved","HS Diploma",0.46,"46"
"763",2018,"Race/Ethnicity","Spanish/Hispanic/Latino","Juvenile Offender","Dropout",0.48,"48"
"764",2018,"Race/Ethnicity","Spanish/Hispanic/Latino","Juvenile Offender","GED",0.05,"5"
"765",2018,"Race/Ethnicity","Spanish/Hispanic/Latino","Juvenile Offender","HS Diploma",0.47,"47"
"766",2018,"Race/Ethnicity","Spanish/Hispanic/Latino","Not Justice Involved","Dropout",0.17,"17"
"767",2018,"Race/Ethnicity","Spanish/Hispanic/Latino","Not Justice Involved","GED",0.01,"1"
"768",2018,"Race/Ethnicity","Spanish/Hispanic/Latino","Not Justice Involved","HS Diploma",0.82,"82"
"769",2018,"Race/Ethnicity","Spanish/Hispanic/Latino","Status Offender","Dropout",NA,"65-69"
"770",2018,"Race/Ethnicity","Spanish/Hispanic/Latino","Status Offender","GED",NA,"0-2"
"771",2018,"Race/Ethnicity","Spanish/Hispanic/Latino","Status Offender","HS Diploma",NA,"30-34"
"772",2018,"Race/Ethnicity","White","Justice Involved","Dropout",0.41,"41"
"773",2018,"Race/Ethnicity","White","Justice Involved","GED",0.09,"9"
"774",2018,"Race/Ethnicity","White","Justice Involved","HS Diploma",0.5,"50"
"775",2018,"Race/Ethnicity","White","Juvenile Offender","Dropout",0.4,"40"
"776",2018,"Race/Ethnicity","White","Juvenile Offender","GED",0.09,"9"
"777",2018,"Race/Ethnicity","White","Juvenile Offender","HS Diploma",0.51,"51"
"778",2018,"Race/Ethnicity","White","Not Justice Involved","Dropout",0.11,"11"
"779",2018,"Race/Ethnicity","White","Not Justice Involved","GED",0.02,"2"
"780",2018,"Race/Ethnicity","White","Not Justice Involved","HS Diploma",0.88,"88"
"781",2018,"Race/Ethnicity","White","Status Offender","Dropout",0.54,"54"
"782",2018,"Race/Ethnicity","White","Status Offender","GED",0.1,"10"
"783",2018,"Race/Ethnicity","White","Status Offender","HS Diploma",0.36,"36"
"784",2019,"All Students","All Students","Justice Involved","Dropout",0.5,"50"
"785",2019,"All Students","All Students","Justice Involved","GED",0.06,"6"
"786",2019,"All Students","All Students","Justice Involved","HS Diploma",0.43,"43"
"787",2019,"All Students","All Students","Juvenile Offender","Dropout",0.5,"50"
"788",2019,"All Students","All Students","Juvenile Offender","GED",0.06,"6"
"789",2019,"All Students","All Students","Juvenile Offender","HS Diploma",0.44,"44"
"790",2019,"All Students","All Students","Not Justice Involved","Dropout",0.16,"16"
"791",2019,"All Students","All Students","Not Justice Involved","GED",0.01,"1"
"792",2019,"All Students","All Students","Not Justice Involved","HS Diploma",0.83,"83"
"793",2019,"All Students","All Students","Status Offender","Dropout",0.63,"63"
"794",2019,"All Students","All Students","Status Offender","GED",0.05,"5"
"795",2019,"All Students","All Students","Status Offender","HS Diploma",0.32,"32"
"796",2019,"Gender","F","Justice Involved","Dropout",0.5,"50"
"797",2019,"Gender","F","Justice Involved","GED",0.05,"5"
"798",2019,"Gender","F","Justice Involved","HS Diploma",0.45,"45"
"799",2019,"Gender","F","Juvenile Offender","Dropout",0.49,"49"
"800",2019,"Gender","F","Juvenile Offender","GED",0.05,"5"
"801",2019,"Gender","F","Juvenile Offender","HS Diploma",0.46,"46"
"802",2019,"Gender","F","Not Justice Involved","Dropout",0.14,"14"
"803",2019,"Gender","F","Not Justice Involved","GED",0.01,"1"
"804",2019,"Gender","F","Not Justice Involved","HS Diploma",0.85,"85"
"805",2019,"Gender","F","Status Offender","Dropout",NA,"60-64"
"806",2019,"Gender","F","Status Offender","GED",NA,"3-4"
"807",2019,"Gender","F","Status Offender","HS Diploma",NA,"30-34"
"808",2019,"Gender","M","Justice Involved","Dropout",0.51,"51"
"809",2019,"Gender","M","Justice Involved","GED",0.07,"7"
"810",2019,"Gender","M","Justice Involved","HS Diploma",0.42,"42"
"811",2019,"Gender","M","Juvenile Offender","Dropout",0.5,"50"
"812",2019,"Gender","M","Juvenile Offender","GED",0.07,"7"
"813",2019,"Gender","M","Juvenile Offender","HS Diploma",0.43,"43"
"814",2019,"Gender","M","Not Justice Involved","Dropout",0.17,"17"
"815",2019,"Gender","M","Not Justice Involved","GED",0.02,"2"
"816",2019,"Gender","M","Not Justice Involved","HS Diploma",0.81,"81"
"817",2019,"Gender","M","Status Offender","Dropout",0.65,"65"
"818",2019,"Gender","M","Status Offender","GED",0.05,"5"
"819",2019,"Gender","M","Status Offender","HS Diploma",0.3,"30"
"820",2019,"Gender","X","Justice Involved","Dropout",NA,"Redacted"
"821",2019,"Gender","X","Justice Involved","GED",NA,"Redacted"
"822",2019,"Gender","X","Justice Involved","HS Diploma",NA,"Redacted"
"823",2019,"Gender","X","Juvenile Offender","Dropout",NA,"Redacted"
"824",2019,"Gender","X","Juvenile Offender","GED",NA,"Redacted"
"825",2019,"Gender","X","Juvenile Offender","HS Diploma",NA,"Redacted"
"826",2019,"Gender","X","Not Justice Involved","Dropout",NA,"Redacted"
"827",2019,"Gender","X","Not Justice Involved","GED",NA,"Redacted"
"828",2019,"Gender","X","Not Justice Involved","HS Diploma",NA,"Redacted"
"829",2019,"Race/Ethnicity","American Indian or Alaska Native","Justice Involved","Dropout",0.64,"64"
"830",2019,"Race/Ethnicity","American Indian or Alaska Native","Justice Involved","GED",0.07,"7"
"831",2019,"Race/Ethnicity","American Indian or Alaska Native","Justice Involved","HS Diploma",0.3,"30"
"832",2019,"Race/Ethnicity","American Indian or Alaska Native","Juvenile Offender","Dropout",0.63,"63"
"833",2019,"Race/Ethnicity","American Indian or Alaska Native","Juvenile Offender","GED",0.07,"7"
"834",2019,"Race/Ethnicity","American Indian or Alaska Native","Juvenile Offender","HS Diploma",0.3,"30"
"835",2019,"Race/Ethnicity","American Indian or Alaska Native","Not Justice Involved","Dropout",0.31,"31"
"836",2019,"Race/Ethnicity","American Indian or Alaska Native","Not Justice Involved","GED",0.02,"2"
"837",2019,"Race/Ethnicity","American Indian or Alaska Native","Not Justice Involved","HS Diploma",0.67,"67"
"838",2019,"Race/Ethnicity","American Indian or Alaska Native","Status Offender","Dropout",NA,"Redacted"
"839",2019,"Race/Ethnicity","American Indian or Alaska Native","Status Offender","GED",NA,"Redacted"
"840",2019,"Race/Ethnicity","American Indian or Alaska Native","Status Offender","HS Diploma",NA,"Redacted"
"841",2019,"Race/Ethnicity","Asian","Justice Involved","Dropout",NA,"35-39"
"842",2019,"Race/Ethnicity","Asian","Justice Involved","GED",NA,"3-4"
"843",2019,"Race/Ethnicity","Asian","Justice Involved","HS Diploma",NA,"55-59"
"844",2019,"Race/Ethnicity","Asian","Juvenile Offender","Dropout",NA,"35-39"
"845",2019,"Race/Ethnicity","Asian","Juvenile Offender","GED",NA,"3-4"
"846",2019,"Race/Ethnicity","Asian","Juvenile Offender","HS Diploma",NA,"55-59"
"847",2019,"Race/Ethnicity","Asian","Not Justice Involved","Dropout",0.1,"10"
"848",2019,"Race/Ethnicity","Asian","Not Justice Involved","GED",NA,"0-1"
"849",2019,"Race/Ethnicity","Asian","Not Justice Involved","HS Diploma",0.9,"90"
"850",2019,"Race/Ethnicity","Asian","Status Offender","Dropout",NA,"21-40"
"851",2019,"Race/Ethnicity","Asian","Status Offender","GED",NA,"0-20"
"852",2019,"Race/Ethnicity","Asian","Status Offender","HS Diploma",NA,"41-60"
"853",2019,"Race/Ethnicity","Black or African American","Justice Involved","Dropout",0.57,"57"
"854",2019,"Race/Ethnicity","Black or African American","Justice Involved","GED",0.06,"6"
"855",2019,"Race/Ethnicity","Black or African American","Justice Involved","HS Diploma",0.36,"36"
"856",2019,"Race/Ethnicity","Black or African American","Juvenile Offender","Dropout",0.57,"57"
"857",2019,"Race/Ethnicity","Black or African American","Juvenile Offender","GED",0.06,"6"
"858",2019,"Race/Ethnicity","Black or African American","Juvenile Offender","HS Diploma",0.36,"36"
"859",2019,"Race/Ethnicity","Black or African American","Not Justice Involved","Dropout",0.21,"21"
"860",2019,"Race/Ethnicity","Black or African American","Not Justice Involved","GED",0.01,"1"
"861",2019,"Race/Ethnicity","Black or African American","Not Justice Involved","HS Diploma",0.78,"78"
"862",2019,"Race/Ethnicity","Black or African American","Status Offender","Dropout",NA,"50-59"
"863",2019,"Race/Ethnicity","Black or African American","Status Offender","GED",NA,"11-19"
"864",2019,"Race/Ethnicity","Black or African American","Status Offender","HS Diploma",NA,"30-39"
"865",2019,"Race/Ethnicity","Multiple Races (Details Unknown)","Justice Involved","Dropout",0.48,"48"
"866",2019,"Race/Ethnicity","Multiple Races (Details Unknown)","Justice Involved","GED",0.06,"6"
"867",2019,"Race/Ethnicity","Multiple Races (Details Unknown)","Justice Involved","HS Diploma",0.46,"46"
"868",2019,"Race/Ethnicity","Multiple Races (Details Unknown)","Juvenile Offender","Dropout",0.47,"47"
"869",2019,"Race/Ethnicity","Multiple Races (Details Unknown)","Juvenile Offender","GED",0.06,"6"
"870",2019,"Race/Ethnicity","Multiple Races (Details Unknown)","Juvenile Offender","HS Diploma",0.47,"47"
"871",2019,"Race/Ethnicity","Multiple Races (Details Unknown)","Not Justice Involved","Dropout",0.15,"15"
"872",2019,"Race/Ethnicity","Multiple Races (Details Unknown)","Not Justice Involved","GED",0.02,"2"
"873",2019,"Race/Ethnicity","Multiple Races (Details Unknown)","Not Justice Involved","HS Diploma",0.84,"84"
"874",2019,"Race/Ethnicity","Multiple Races (Details Unknown)","Status Offender","Dropout",NA,"50-59"
"875",2019,"Race/Ethnicity","Multiple Races (Details Unknown)","Status Offender","GED",NA,"11-19"
"876",2019,"Race/Ethnicity","Multiple Races (Details Unknown)","Status Offender","HS Diploma",NA,"30-39"
"877",2019,"Race/Ethnicity","Native Hawaiian and Other Pacific Islander","Justice Involved","Dropout",NA,"60-64"
"878",2019,"Race/Ethnicity","Native Hawaiian and Other Pacific Islander","Justice Involved","GED",NA,"0-5"
"879",2019,"Race/Ethnicity","Native Hawaiian and Other Pacific Islander","Justice Involved","HS Diploma",NA,"30-34"
"880",2019,"Race/Ethnicity","Native Hawaiian and Other Pacific Islander","Juvenile Offender","Dropout",NA,"60-64"
"881",2019,"Race/Ethnicity","Native Hawaiian and Other Pacific Islander","Juvenile Offender","GED",NA,"0-5"
"882",2019,"Race/Ethnicity","Native Hawaiian and Other Pacific Islander","Juvenile Offender","HS Diploma",NA,"30-34"
"883",2019,"Race/Ethnicity","Native Hawaiian and Other Pacific Islander","Not Justice Involved","Dropout",0.24,"24"
"884",2019,"Race/Ethnicity","Native Hawaiian and Other Pacific Islander","Not Justice Involved","GED",NA,"0-1"
"885",2019,"Race/Ethnicity","Native Hawaiian and Other Pacific Islander","Not Justice Involved","HS Diploma",0.75,"75"
"886",2019,"Race/Ethnicity","Native Hawaiian and Other Pacific Islander","Status Offender","Dropout",NA,"Redacted"
"887",2019,"Race/Ethnicity","Native Hawaiian and Other Pacific Islander","Status Offender","GED",NA,"Redacted"
"888",2019,"Race/Ethnicity","Native Hawaiian and Other Pacific Islander","Status Offender","HS Diploma",NA,"Redacted"
"889",2019,"Race/Ethnicity","Not Provided - Race","Justice Involved","Dropout",NA,"Redacted"
"890",2019,"Race/Ethnicity","Not Provided - Race","Justice Involved","GED",NA,"Redacted"
"891",2019,"Race/Ethnicity","Not Provided - Race","Justice Involved","HS Diploma",NA,"Redacted"
"892",2019,"Race/Ethnicity","Not Provided - Race","Juvenile Offender","Dropout",NA,"Redacted"
"893",2019,"Race/Ethnicity","Not Provided - Race","Juvenile Offender","GED",NA,"Redacted"
"894",2019,"Race/Ethnicity","Not Provided - Race","Juvenile Offender","HS Diploma",NA,"Redacted"
"895",2019,"Race/Ethnicity","Not Provided - Race","Not Justice Involved","Dropout",NA,"0-20"
"896",2019,"Race/Ethnicity","Not Provided - Race","Not Justice Involved","GED",NA,"0-20"
"897",2019,"Race/Ethnicity","Not Provided - Race","Not Justice Involved","HS Diploma",NA,"61-80"
"898",2019,"Race/Ethnicity","Spanish/Hispanic/Latino","Justice Involved","Dropout",0.55,"55"
"899",2019,"Race/Ethnicity","Spanish/Hispanic/Latino","Justice Involved","GED",0.04,"4"
"900",2019,"Race/Ethnicity","Spanish/Hispanic/Latino","Justice Involved","HS Diploma",0.4,"40"
"901",2019,"Race/Ethnicity","Spanish/Hispanic/Latino","Juvenile Offender","Dropout",0.54,"54"
"902",2019,"Race/Ethnicity","Spanish/Hispanic/Latino","Juvenile Offender","GED",0.04,"4"
"903",2019,"Race/Ethnicity","Spanish/Hispanic/Latino","Juvenile Offender","HS Diploma",0.41,"41"
"904",2019,"Race/Ethnicity","Spanish/Hispanic/Latino","Not Justice Involved","Dropout",0.21,"21"
"905",2019,"Race/Ethnicity","Spanish/Hispanic/Latino","Not Justice Involved","GED",0.01,"1"
"906",2019,"Race/Ethnicity","Spanish/Hispanic/Latino","Not Justice Involved","HS Diploma",0.78,"78"
"907",2019,"Race/Ethnicity","Spanish/Hispanic/Latino","Status Offender","Dropout",NA,"65-69"
"908",2019,"Race/Ethnicity","Spanish/Hispanic/Latino","Status Offender","GED",NA,"3-4"
"909",2019,"Race/Ethnicity","Spanish/Hispanic/Latino","Status Offender","HS Diploma",NA,"25-29"
"910",2019,"Race/Ethnicity","White","Justice Involved","Dropout",0.47,"47"
"911",2019,"Race/Ethnicity","White","Justice Involved","GED",0.08,"8"
"912",2019,"Race/Ethnicity","White","Justice Involved","HS Diploma",0.46,"46"
"913",2019,"Race/Ethnicity","White","Juvenile Offender","Dropout",0.46,"46"
"914",2019,"Race/Ethnicity","White","Juvenile Offender","GED",0.08,"8"
"915",2019,"Race/Ethnicity","White","Juvenile Offender","HS Diploma",0.46,"46"
"916",2019,"Race/Ethnicity","White","Not Justice Involved","Dropout",0.14,"14"
"917",2019,"Race/Ethnicity","White","Not Justice Involved","GED",0.02,"2"
"918",2019,"Race/Ethnicity","White","Not Justice Involved","HS Diploma",0.85,"85"
"919",2019,"Race/Ethnicity","White","Status Offender","Dropout",NA,"55-59"
"920",2019,"Race/Ethnicity","White","Status Offender","GED",NA,"3-4"
"921",2019,"Race/Ethnicity","White","Status Offender","HS Diploma",NA,"35-39"
